"custid","name","age","phone","duration","netuse","billamt","compl","email","plan","gender","itembill"
339622,"agqsn",18,7203699886.49793,3085,8.7,1544.67,7,"agqsn@yahoo.com","WKD500","F","Y"
933024,"AgYXr",18,8041921985.75649,2232,5.2,1117.3,7,"AgYXr@office.com","WEND250","F","Y"
612014,"MpdzA",26,7737961291.83236,1255,7.1,629.28,3,"MpdzA@hotmail.com","WKD500","M","Y"
545332,"VLapC",55,7743529994.53617,1668,7.8,835.95,4,"VLapC@hotmail.com","AW1010","M","N"
325977,"gLBnw",59,6429263762.09107,2084,9.3,1044.33,4,"gLBnw@mycompany.in","WKD500","F","N"
813552,"KyeCj",25,6667787968.94545,534,8.1,269.02,6,"KyeCj@myoffice.co.in","STPL100","M","Y"
219968,"YkOxB",36,6785512818.75851,291,9.8,147.95,3,"YkOxB@yahoo.com","STPL100","M","Y"
200292,"wuTWf",35,9597009258.37684,1495,9.1,749.78,0,"wuTWf@gmail.com","TVL2500","M","Y"
580380,"aTINm",31,9067589537.40499,311,8.2,157.55,5,"aTINm@college.com","GEN225","F","Y"
166301,"sNDcP",65,7008970064.79013,706,4.9,354.22,4,"sNDcP@gmail.com","AW1010","M","Y"
355144,"PsKEJ",28,6409019893.86436,1581,9.8,792.95,10,"PsKEJ@office.com","WEND250","F","Y"
940776,"nEFcs",59,6035549834.36173,1639,8.1,821.52,4,"nEFcs@gmail.com","WKD500","M","Y"
512374,"wziTP",36,8716198451.13799,2327,4.4,1164.6,9,"wziTP@myoffice.co.in","TVL2500","F","N"
615274,"MRsSc",19,6488530785.65454,13,3,7.25,3,"MRsSc@mycompany.in","WEND250","F","Y"
335982,"jniqR",68,8073411024.58855,3184,8.7,1594.17,8,"jniqR@college.com","WEND250","F","Y"
162993,"ZQmJH",31,9307813167.67639,439,8.4,221.6,8,"ZQmJH@college.com","AW1010","F","Y"
555807,"VGplf",65,8123134017.3912,207,3.7,104.42,8,"VGplf@mycollege.edu.in","STPL100","F","N"
528115,"XEePc",30,9217820903.4132,1244,7.9,623.98,7,"XEePc@office.com","AW1010","F","Y"
306259,"IdSSt",71,7945012902.35472,655,3.3,328.32,6,"IdSSt@gmail.com","WKD500","M","N"
707057,"gPAkq",61,6836634188.6813,2883,9.7,1443.92,0,"gPAkq@mycollege.edu.in","GEN225","M","Y"
785314,"SxWCD",22,6956947068.44457,683,7.1,343.28,7,"SxWCD@gmail.com","STPL100","F","N"
843682,"GUekk",31,8453902672.36278,99,3.4,50.35,4,"GUekk@office.com","WKD500","F","Y"
475579,"kfKas",31,6555441010.60452,3378,4.7,1690.17,6,"kfKas@gmail.com","TVL2500","F","N"
524055,"mlIzW",18,7407219129.26273,414,3.4,207.85,3,"mlIzW@yahoo.com","STPL100","F","Y"
937814,"KnaJA",76,8630216126.60397,1378,4.5,690.12,8,"KnaJA@yahoo.com","GEN225","F","N"
586054,"jcdzc",57,7320874219.43008,2494,5.1,1248.28,4,"jcdzc@myoffice.co.in","AW1010","F","N"
130335,"iajBG",20,9268167079.54063,2792,1.9,1396.47,4,"iajBG@mycollege.edu.in","WEND250","F","N"
481875,"BRbXL",20,7636370943.45013,1031,7.7,517.42,5,"BRbXL@mycollege.edu.in","AW1010","F","N"
719419,"FiLDL",45,9234893562.39479,1028,9.6,516.4,7,"FiLDL@college.com","STPL100","M","N"
950884,"fDayf",34,9964282393.39576,1624,9.7,814.42,5,"fDayf@hotmail.com","AW1010","M","N"
948017,"wJHDY",76,8419968611.88709,2704,1.8,1352.45,2,"wJHDY@mycollege.edu.in","TVL2500","F","Y"
814844,"nwZNJ",46,6528639368.58074,971,5.7,486.92,2,"nwZNJ@mycompany.in","TVL2500","M","N"
153493,"cXUdD",70,6261520650.17242,702,3.1,351.78,10,"cXUdD@mycollege.edu.in","GEN225","F","Y"
907463,"JAaTX",76,6480210536.97085,1220,4.8,611.2,0,"JAaTX@gmail.com","WKD500","M","N"
330022,"Edevv",66,9796555978.22822,482,3,241.75,4,"Edevv@hotmail.com","AW1010","F","N"
656250,"btkdQ",56,7720731845.6267,2025,7.4,1014.35,7,"btkdQ@mycollege.edu.in","WKD500","M","N"
185335,"RbXse",58,8780121372.31763,3053,9.4,1528.85,4,"RbXse@myoffice.co.in","STPL100","F","Y"
113393,"UoPxC",63,6659531844.61497,1645,4.4,823.6,3,"UoPxC@office.com","AW1010","F","Y"
302120,"UQJwz",79,8089447585.34349,2790,9,1397.25,2,"UQJwz@mycompany.in","STPL100","F","N"
858290,"LcIcY",19,7673665949.65638,3228,2,1614.5,6,"LcIcY@office.com","TVL2500","F","Y"
375805,"KWTwJ",47,8807849604.86579,731,6.1,367.02,9,"KWTwJ@yahoo.com","WEND250","F","Y"
553644,"ZtegF",37,7900521148.45238,1606,9.5,805.38,6,"ZtegF@college.com","WEND250","F","Y"
883422,"miTeI",62,6770954495.10314,1607,7.8,805.45,3,"miTeI@gmail.com","STPL100","F","Y"
246448,"iUWAw",28,8427118256.08134,2134,4.3,1068.08,5,"iUWAw@office.com","STPL100","M","Y"
162535,"VFKxn",73,9772416594.42647,3006,5.7,1504.42,5,"VFKxn@gmail.com","WKD500","F","Y"
820797,"nifaZ",73,8795568984.23431,761,4.9,381.72,10,"nifaZ@office.com","WEND250","M","N"
910692,"MzBtZ",38,8165577952.20863,1755,8.8,879.7,8,"MzBtZ@gmail.com","AW1010","F","Y"
553451,"eYEVK",67,6330423164.09881,2457,2.3,1229.08,6,"eYEVK@gmail.com","WKD500","M","Y"
688861,"Yriwk",62,8544077191.79716,176,3.3,88.83,4,"Yriwk@mycollege.edu.in","WEND250","M","N"
884883,"TYuMt",72,7220292578.14626,1768,3.9,884.98,2,"TYuMt@office.com","WKD500","F","N"
455584,"UceFx",66,6118917899.17655,1858,5.1,930.28,8,"UceFx@office.com","STPL100","F","Y"
452531,"YOuzg",78,7725643426.6798,1009,1.4,504.85,5,"YOuzg@college.com","TVL2500","M","Y"
834827,"LkPvl",44,8372180047.78328,3217,7.9,1610.47,5,"LkPvl@mycollege.edu.in","TVL2500","M","Y"
180915,"wHeTw",51,8132825502.59258,1671,1.4,835.85,7,"wHeTw@myoffice.co.in","WKD500","F","N"
338025,"AhDIg",63,9740909173.14944,481,3.2,241.3,5,"AhDIg@college.com","WKD500","M","N"
274434,"CsXZL",38,6951855048.29929,1496,7.6,749.9,7,"CsXZL@mycollege.edu.in","AW1010","F","Y"
353954,"zwskn",49,7817942338.54115,2153,4,1077.5,3,"zwskn@office.com","GEN225","F","Y"
398519,"JzfkF",80,9102266858.48762,1451,1.2,725.8,4,"JzfkF@gmail.com","WKD500","F","Y"
591765,"EXGfC",55,9487821095.68244,1213,1.7,606.92,6,"EXGfC@mycollege.edu.in","STPL100","F","Y"
959128,"TDLuL",47,7234459587.99555,3374,9.1,1689.28,4,"TDLuL@hotmail.com","TVL2500","F","Y"
834053,"nZIgP",75,7413838678.61747,1822,6.6,912.65,1,"nZIgP@mycollege.edu.in","GEN225","M","N"
857582,"OXyMo",40,8375610258.76766,1441,9.7,722.92,6,"OXyMo@mycollege.edu.in","STPL100","M","N"
193390,"zBKZw",33,8025455504.14947,1081,5.3,541.82,2,"zBKZw@college.com","AW1010","F","Y"
129130,"HkMHx",20,7054988788.17708,3399,1.9,1699.97,8,"HkMHx@hotmail.com","STPL100","F","N"
187683,"ojPsY",45,9121357259.49157,1188,5.8,595.45,9,"ojPsY@office.com","WEND250","M","N"
788976,"dWmmA",55,7197497390.84258,287,5.1,144.78,6,"dWmmA@myoffice.co.in","WEND250","F","Y"
810036,"SNTLp",31,7763882878.72682,1536,7.4,769.85,9,"SNTLp@myoffice.co.in","AW1010","M","N"
239759,"OwXYo",73,7850170720.8374,1558,5.8,780.45,3,"OwXYo@mycollege.edu.in","STPL100","M","Y"
845338,"uVHdY",21,6823903557.63848,120,8.6,62.15,3,"uVHdY@mycompany.in","WEND250","F","N"
897377,"xIFas",29,9275736104.80938,1960,9.6,982.4,1,"xIFas@myoffice.co.in","TVL2500","M","Y"
369443,"jgSDs",68,7744556762.77326,2062,1.4,1031.35,6,"jgSDs@gmail.com","STPL100","F","N"
118727,"wofAi",52,6981409204.87843,3070,6.8,1536.7,0,"wofAi@mycollege.edu.in","AW1010","F","Y"
342917,"keqJr",71,6105733872.36485,2066,3.9,1033.97,5,"keqJr@college.com","STPL100","M","N"
988002,"RyyjI",74,9686303094.03917,3554,5.2,1778.3,10,"RyyjI@hotmail.com","STPL100","M","Y"
723731,"IrLOI",29,9404409390.95443,2189,5.2,1095.8,6,"IrLOI@hotmail.com","AW1010","F","N"
333736,"KHkfC",45,7966111102.58123,3293,8.9,1648.72,3,"KHkfC@gmail.com","AW1010","F","Y"
589412,"duRDs",49,9813512682.89268,1463,1.6,731.9,0,"duRDs@mycollege.edu.in","WKD500","M","N"
260695,"CeJFF",50,6338589026.50802,775,6.7,389.18,7,"CeJFF@yahoo.com","WKD500","F","N"
183599,"jDFPq",22,7066489221.26155,1072,5.1,537.28,10,"jDFPq@mycompany.in","STPL100","M","N"
875555,"pfaTX",78,7672599207.19174,2725,1.3,1362.83,3,"pfaTX@mycollege.edu.in","TVL2500","M","N"
365000,"eZplY",54,6844728456.59893,1899,6.5,951.12,5,"eZplY@myoffice.co.in","WEND250","F","N"
709531,"IKyIa",24,9879895178.56249,522,2.5,261.62,0,"IKyIa@college.com","TVL2500","M","Y"
382912,"ZzOAn",80,6487518343.02129,3246,3.9,1623.97,3,"ZzOAn@myoffice.co.in","STPL100","M","N"
212820,"AgEQQ",73,6010479314.25011,776,4.8,389.2,10,"AgEQQ@mycollege.edu.in","AW1010","M","Y"
122169,"SSnFv",30,7082494915.19241,2470,2.2,1235.55,5,"SSnFv@mycollege.edu.in","WKD500","F","N"
903485,"IGPjw",31,7050332376.47084,2955,7.5,1479.38,0,"IGPjw@mycollege.edu.in","TVL2500","F","N"
491295,"SQOeW",59,9256753071.32841,1680,7.2,841.8,0,"SQOeW@myoffice.co.in","AW1010","M","N"
818764,"WdAZt",45,8882449252.74164,3184,5.8,1593.45,6,"WdAZt@office.com","WKD500","M","N"
912232,"XbFRb",30,6983145056.97795,1234,8.1,619.02,6,"XbFRb@yahoo.com","WKD500","M","Y"
328175,"cRpep",62,8645340955.15487,2363,3.3,1182.33,7,"cRpep@college.com","WEND250","M","N"
716524,"ZmtDl",55,7330162332.99201,105,4.7,53.67,0,"ZmtDl@myoffice.co.in","WEND250","F","N"
632391,"AZEFh",70,8107608023.50402,2643,6.5,1323.12,1,"AZEFh@yahoo.com","WKD500","F","Y"
725890,"pEZVE",75,8504101171.46355,40,2.6,20.65,2,"pEZVE@mycollege.edu.in","WEND250","F","Y"
812939,"yYQgN",77,7218961708.87424,1040,5.1,521.28,0,"yYQgN@mycollege.edu.in","STPL100","M","N"
540492,"NXGUo",76,9256504521.82241,1993,9.9,998.98,7,"NXGUo@mycompany.in","AW1010","M","N"
355498,"xpFDq",31,6891999538.76488,2913,6.7,1458.17,7,"xpFDq@myoffice.co.in","TVL2500","M","Y"
110889,"UHDfj",50,6471352366.61273,3450,8.6,1727.15,9,"UHDfj@hotmail.com","GEN225","M","Y"
194450,"rjnDF",49,8219901833.12828,3568,7.4,1785.85,6,"rjnDF@mycollege.edu.in","TVL2500","F","Y"
840786,"TExSA",46,9378756990.74289,2728,8.5,1366.12,10,"TExSA@myoffice.co.in","WKD500","F","Y"
286388,"yzgGC",80,7672907406.97731,2114,9.9,1059.47,1,"yzgGC@gmail.com","TVL2500","F","Y"
233049,"UTkGE",67,8203379535.49673,3346,6.2,1674.55,4,"UTkGE@mycollege.edu.in","WEND250","M","Y"
496017,"Beaow",48,6152074192.6126,1487,1.4,743.85,7,"Beaow@college.com","WKD500","M","Y"
708029,"lJmhZ",74,6194713013.19798,1698,2.9,849.72,3,"lJmhZ@myoffice.co.in","WEND250","F","N"
622241,"ToRwM",44,6075662591.4757,3208,4.9,1605.22,2,"ToRwM@office.com","GEN225","F","Y"
601895,"UrHng",65,9682735600.51939,1775,1.4,887.85,2,"UrHng@office.com","WKD500","F","Y"
783412,"vGMLQ",34,6875385972.45236,2213,2.2,1107.05,5,"vGMLQ@gmail.com","WKD500","M","Y"
285822,"FfSDA",21,7506850123.02874,3429,1.9,1714.97,8,"FfSDA@myoffice.co.in","TVL2500","F","N"
451483,"xZTPa",74,7803335400.77873,1624,2.3,812.58,4,"xZTPa@office.com","STPL100","M","Y"
851135,"TBWYK",36,8191554264.54889,2091,6.8,1047.2,7,"TBWYK@mycompany.in","TVL2500","F","N"
892835,"bedcp",47,8352103280.24683,2608,8.1,1306.03,10,"bedcp@yahoo.com","WKD500","F","N"
458948,"DuVgg",56,7739735463.1992,2595,5.1,1298.78,9,"DuVgg@mycompany.in","STPL100","F","N"
418371,"COjFR",47,7654584194.11988,3069,7.9,1536.47,8,"COjFR@mycollege.edu.in","WKD500","M","Y"
116178,"VOrIw",60,6982476807.88512,1443,3.5,722.38,4,"VOrIw@gmail.com","AW1010","M","N"
801790,"dKkUU",38,9040486448.61563,1696,9.6,850.4,0,"dKkUU@yahoo.com","GEN225","M","Y"
931831,"WsohH",68,8381744384.17019,3277,4.6,1639.65,0,"WsohH@mycompany.in","TVL2500","M","N"
814498,"VOqJJ",38,8874284940.98451,472,7.9,237.98,9,"VOqJJ@college.com","STPL100","M","N"
359147,"IMcdS",22,8350691856.22874,95,7.3,49.33,0,"IMcdS@hotmail.com","GEN225","F","N"
929885,"nrdTp",39,7577958426.97511,500,5,251.25,3,"nrdTp@office.com","WKD500","F","Y"
195818,"TtlxB",55,6622900442.99587,362,6.1,182.52,4,"TtlxB@office.com","GEN225","M","Y"
886945,"IztXy",25,6483821089.25853,1142,9.5,573.38,4,"IztXy@office.com","AW1010","M","Y"
412590,"Zajyc",25,7709136342.20251,2265,8.4,1134.6,5,"Zajyc@college.com","WEND250","F","Y"
874814,"hBEAz",23,6388232290.64772,2688,6.2,1345.55,0,"hBEAz@hotmail.com","AW1010","M","N"
727150,"FnLbF",70,6702237364.66048,2380,8.8,1192.2,2,"FnLbF@office.com","WEND250","F","N"
562925,"ZMkvg",44,8097254952.82283,2701,3,1351.25,7,"ZMkvg@gmail.com","WEND250","F","N"
498747,"NCLQS",26,7621742233.22856,2698,6.2,1350.55,4,"NCLQS@mycollege.edu.in","GEN225","M","Y"
795247,"FnbZN",24,6169567815.91706,3504,9.8,1754.45,6,"FnbZN@hotmail.com","STPL100","F","Y"
382390,"fpKNn",75,6945304306.91899,471,4.9,236.72,9,"fpKNn@office.com","TVL2500","M","Y"
295495,"BBSID",24,6496003210.42059,2656,9.9,1330.47,0,"BBSID@college.com","TVL2500","F","Y"
933771,"VKDLf",18,8609857620.95025,3309,5.9,1655.97,4,"VKDLf@myoffice.co.in","AW1010","F","N"
923251,"pwYqZ",30,8514722030.91249,1864,8.5,934.12,7,"pwYqZ@yahoo.com","STPL100","F","Y"
379776,"SHVsA",62,6792507676.20957,2883,7.7,1443.42,10,"SHVsA@gmail.com","STPL100","M","Y"
759401,"qYLbv",61,9015024712.48681,3009,1.2,1504.8,2,"qYLbv@mycompany.in","WKD500","F","Y"
996475,"PiTuN",68,7952676350.69399,1646,6.3,824.58,2,"PiTuN@gmail.com","AW1010","M","Y"
589845,"KduHZ",20,9626746769.08781,2116,8.6,1060.15,9,"KduHZ@hotmail.com","STPL100","F","N"
116210,"OmEno",46,8528204012.03012,3034,5.5,1518.38,6,"OmEno@hotmail.com","TVL2500","M","N"
994071,"gKruC",22,6027864482.24682,2817,4.5,1409.62,10,"gKruC@college.com","GEN225","F","Y"
126981,"BHTMX",47,8206883086.27121,2040,4.4,1021.1,9,"BHTMX@yahoo.com","TVL2500","M","Y"
321063,"Ivekd",43,7472608922.61257,1577,5.4,789.85,10,"Ivekd@mycollege.edu.in","TVL2500","M","Y"
226358,"udGXp",49,8860094911.63515,1908,3.8,954.95,3,"udGXp@hotmail.com","WKD500","F","N"
683622,"pspop",47,7023141894.23374,1194,8.7,599.18,9,"pspop@office.com","GEN225","M","Y"
813498,"eJSsM",65,8071448756.79533,2291,6.6,1147.15,8,"eJSsM@office.com","STPL100","F","N"
623198,"LAiNi",72,9155800778.56115,2381,5.7,1191.92,3,"LAiNi@myoffice.co.in","AW1010","F","N"
776755,"jFJoG",22,9085881037.79744,450,6,226.5,7,"jFJoG@office.com","STPL100","M","N"
210956,"HBgOJ",51,7195901196.15102,1409,6.1,706.02,8,"HBgOJ@gmail.com","TVL2500","M","N"
340556,"ilXmg",29,9393236746.16323,1632,8.1,818.02,3,"ilXmg@myoffice.co.in","WEND250","F","N"
571040,"PRMDv",67,6243764781.33217,3465,4.9,1733.72,3,"PRMDv@yahoo.com","WKD500","F","Y"
203446,"blRQn",70,7429427510.70139,2314,8.8,1159.2,5,"blRQn@mycompany.in","GEN225","F","N"
197634,"JwrfU",19,9596197824.02613,3010,2,1505.5,10,"JwrfU@mycompany.in","GEN225","M","N"
583215,"yAWte",54,8889127843.29099,864,5.5,433.38,1,"yAWte@mycompany.in","AW1010","F","N"
964730,"lZNre",29,8129785151.61973,2291,6.4,1147.1,9,"lZNre@myoffice.co.in","WEND250","F","Y"
363827,"nshSD",37,6872908976.64212,2410,5,1206.25,8,"nshSD@mycollege.edu.in","WEND250","F","Y"
510272,"hzUeF",56,9789021380.22975,382,7.2,192.8,8,"hzUeF@myoffice.co.in","WEND250","M","Y"
680673,"gbjhg",21,7965252567.52265,1703,2.1,852.02,9,"gbjhg@mycompany.in","TVL2500","F","Y"
999061,"uhrma",62,8583506105.75312,2329,6,1166,1,"uhrma@office.com","GEN225","M","Y"
461619,"PmGgr",51,7660028538.25166,2609,1.2,1304.8,8,"PmGgr@office.com","WKD500","F","Y"
671040,"NLGqA",60,6475419117.95026,2880,3.6,1440.9,5,"NLGqA@myoffice.co.in","AW1010","F","N"
179900,"tRYbC",35,8441074895.06223,2293,7.5,1148.38,9,"tRYbC@yahoo.com","GEN225","M","Y"
178125,"ugwcY",45,7160559965.00744,2331,9.7,1167.92,5,"ugwcY@mycollege.edu.in","GEN225","F","N"
528208,"rlxFc",42,9075722054.74076,668,1.5,334.38,10,"rlxFc@myoffice.co.in","GEN225","F","N"
750344,"iKahG",31,8121878834.84216,3188,8,1596,5,"iKahG@office.com","TVL2500","F","Y"
106384,"MmRiM",22,9236211963.12018,2571,3.4,1286.35,1,"MmRiM@gmail.com","AW1010","M","Y"
379030,"wUOSs",78,7404391831.36729,1475,8.6,739.65,3,"wUOSs@office.com","WKD500","F","Y"
884783,"mVYoz",31,6536458846.97884,2448,7.4,1225.85,2,"mVYoz@mycollege.edu.in","WEND250","F","Y"
466662,"nTnSM",76,8599905504.19511,813,7.6,408.4,9,"nTnSM@mycompany.in","WEND250","M","Y"
588898,"laZqh",53,7068758321.65881,3205,6.4,1604.1,9,"laZqh@mycompany.in","TVL2500","F","N"
781552,"srLEd",62,6602565686.99912,3130,5.7,1566.42,2,"srLEd@mycollege.edu.in","AW1010","F","N"
690999,"hqYNg",55,7889790645.32808,3474,3.5,1737.88,2,"hqYNg@hotmail.com","WKD500","F","N"
531275,"HzjOi",67,9842733537.7489,628,5.2,315.3,1,"HzjOi@yahoo.com","AW1010","F","N"
142614,"epzaE",45,7546311434.9031,560,5.6,281.4,3,"epzaE@hotmail.com","AW1010","F","N"
767340,"jjOVo",70,6215569052.79135,3385,8.1,1694.53,5,"jjOVo@yahoo.com","GEN225","F","Y"
703998,"WuQAh",59,7228485241.2252,1986,9.1,995.28,5,"WuQAh@office.com","WEND250","M","Y"
563061,"Apqso",53,6821437119.30094,1722,4.1,862.02,9,"Apqso@gmail.com","AW1010","M","Y"
278573,"nxuKX",38,8639557276.19254,3503,1.7,1751.92,8,"nxuKX@hotmail.com","TVL2500","F","Y"
932434,"UFmgM",52,9970430738.23135,2663,2.7,1332.17,5,"UFmgM@myoffice.co.in","WEND250","F","Y"
800053,"Dusfn",25,7737078717.47548,1108,3.4,554.85,9,"Dusfn@office.com","GEN225","M","N"
868093,"kvPDm",46,7967363738.89436,1047,3.3,524.32,0,"kvPDm@gmail.com","STPL100","F","Y"
853915,"dCsBS",56,6123860400.13912,3497,9,1750.75,3,"dCsBS@mycompany.in","TVL2500","M","N"
681984,"sjkmj",62,7052778798.82361,437,6.1,220.02,2,"sjkmj@mycollege.edu.in","STPL100","M","Y"
487657,"EysKn",34,8644369603.40492,2392,6,1197.5,0,"EysKn@hotmail.com","WKD500","F","Y"
849142,"mIVWq",78,8660613332.20992,1164,5.5,583.38,5,"mIVWq@yahoo.com","STPL100","M","N"
362513,"VqZYv",47,8549683511.55107,468,8.3,236.07,4,"VqZYv@mycollege.edu.in","WEND250","F","Y"
379352,"fzkxV",20,7420393302.68159,812,4.9,407.22,4,"fzkxV@office.com","TVL2500","F","Y"
143417,"ceKHz",56,7052983005.26789,3499,2.7,1750.17,7,"ceKHz@yahoo.com","WEND250","M","Y"
352398,"dlEKY",68,8048324658.95466,362,7.3,182.82,2,"dlEKY@mycompany.in","WEND250","M","N"
173386,"YucxI",69,8442647601.79846,1524,7.7,763.92,6,"YucxI@mycollege.edu.in","WKD500","F","Y"
825392,"vNDHy",37,7634592898.7127,2017,6.5,1010.12,2,"vNDHy@mycollege.edu.in","WEND250","F","N"
489081,"YBHAI",22,9971782360.16429,1118,4.7,560.18,5,"YBHAI@myoffice.co.in","WKD500","F","N"
723168,"JaGJM",57,9260832630.21398,2785,4.6,1393.65,4,"JaGJM@gmail.com","TVL2500","M","N"
424534,"ZfHOM",68,6001102071.25517,1062,1.4,531.35,8,"ZfHOM@gmail.com","AW1010","M","Y"
463938,"mVUtC",79,7734163116.23015,1096,5.8,549.45,7,"mVUtC@office.com","AW1010","M","N"
234156,"XvGmG",23,9448286999.08625,2022,9.9,1013.48,8,"XvGmG@college.com","WEND250","F","N"
476899,"KXASf",76,6198156604.49379,3495,9.2,1749.8,1,"KXASf@mycollege.edu.in","STPL100","M","N"
208734,"DklpB",34,8637705643.93322,2325,8.1,1164.53,3,"DklpB@yahoo.com","AW1010","M","N"
300088,"vAfyB",31,9204470611.30759,745,2.6,373.15,3,"vAfyB@office.com","GEN225","M","Y"
809465,"FDmDy",64,8326485419.99561,622,8.9,313.22,8,"FDmDy@hotmail.com","AW1010","M","N"
789811,"zpvaq",57,7932428866.14172,2517,1.4,1258.85,1,"zpvaq@mycompany.in","WKD500","F","N"
960953,"PurVv",75,7024700960.81955,2944,8.9,1474.22,8,"PurVv@gmail.com","TVL2500","M","Y"
682438,"iqwkR",63,9313881978.49545,2356,8.8,1180.2,1,"iqwkR@myoffice.co.in","WEND250","F","Y"
382166,"WVLwK",21,7925555242.67546,2233,9.7,1118.92,8,"WVLwK@gmail.com","GEN225","M","N"
770357,"GsTkN",54,7322001553.7414,1660,1.7,830.42,6,"GsTkN@myoffice.co.in","GEN225","F","N"
165688,"JvpsF",39,8139711780.86998,2134,5.6,1068.4,9,"JvpsF@yahoo.com","STPL100","F","Y"
215046,"liugN",37,8635726335.73085,3383,1.4,1691.85,3,"liugN@mycollege.edu.in","TVL2500","F","N"
656285,"jGIMj",28,6024607639.75363,2786,6.1,1394.53,2,"jGIMj@college.com","STPL100","M","Y"
517054,"wmRAf",62,9669539567.09706,2617,7.8,1310.45,8,"wmRAf@college.com","WEND250","F","Y"
968093,"PBmnl",22,6781613553.67879,2135,4.9,1068.72,8,"PBmnl@mycompany.in","WEND250","F","N"
535523,"wPYzf",30,9478771149.24246,3052,8,1528,0,"wPYzf@office.com","STPL100","M","N"
621757,"eRMEt",78,7129027791.97034,2068,1,1034.25,5,"eRMEt@mycompany.in","GEN225","F","Y"
104730,"qdVXk",21,6374353454.35469,2713,3.5,1357.38,9,"qdVXk@gmail.com","AW1010","M","Y"
161569,"sdVRW",70,8741117198.26626,1775,4.7,888.68,10,"sdVRW@mycompany.in","TVL2500","M","Y"
516072,"jnMdb",58,8960201186.31923,1122,6.8,562.7,3,"jnMdb@college.com","AW1010","M","N"
229096,"xVMuW",24,9475304640.89206,955,8.9,479.72,8,"xVMuW@gmail.com","TVL2500","F","N"
358460,"wDUQJ",66,9277292407.22978,3131,5.3,1566.83,2,"wDUQJ@gmail.com","WKD500","M","N"
771960,"fbDVS",30,8303875975.66616,1633,2.3,817.08,8,"fbDVS@office.com","AW1010","M","N"
754552,"DYJKm",24,8892596212.42389,502,1.6,251.4,3,"DYJKm@office.com","AW1010","F","N"
595455,"wAkAY",79,7558486548.7941,2866,1.1,1433.28,0,"wAkAY@mycompany.in","WEND250","M","Y"
902540,"AGVfi",66,6885169814.11948,143,5.6,72.9,5,"AGVfi@myoffice.co.in","TVL2500","M","Y"
402036,"UNEFp",35,9066605255.17241,1714,9.8,859.45,3,"UNEFp@gmail.com","WKD500","M","N"
341694,"XjQrM",75,9110114381.80239,512,5,257.25,7,"XjQrM@mycollege.edu.in","GEN225","M","Y"
316039,"MVyGB",26,6970825357.11992,2994,1.5,1497.38,8,"MVyGB@mycollege.edu.in","AW1010","F","N"
266673,"kHBTM",69,7408192342.72651,2733,1,1366.75,5,"kHBTM@hotmail.com","TVL2500","M","N"
807855,"Skhkh",64,9974878988.16634,2901,6.2,1452.05,9,"Skhkh@gmail.com","WEND250","F","Y"
798567,"nzMxM",76,7865606562.69938,2785,6.6,1394.15,6,"nzMxM@office.com","STPL100","M","Y"
540288,"NyhIE",67,9581764604.93219,2101,5.5,1051.88,8,"NyhIE@college.com","TVL2500","M","N"
215164,"rSJtc",30,7604659515.96317,93,4.4,47.6,10,"rSJtc@mycollege.edu.in","TVL2500","M","Y"
619032,"SzLmY",20,6133019672.67347,317,1.1,158.78,7,"SzLmY@mycompany.in","WEND250","M","N"
873648,"tFFOU",74,9029131463.90289,3404,2.6,1702.65,4,"tFFOU@yahoo.com","WKD500","F","Y"
494834,"MDhOa",35,7340111737.73582,549,8.2,276.55,1,"MDhOa@yahoo.com","GEN225","F","N"
153119,"KVkiu",54,6969422495.68158,3250,1.6,1625.4,4,"KVkiu@college.com","WEND250","F","N"
148609,"wrjVn",30,8446376533.56726,1369,7.3,686.32,8,"wrjVn@mycompany.in","GEN225","F","Y"
721623,"HvhJs",64,6264146703.22937,2178,1.5,1089.38,2,"HvhJs@college.com","WKD500","M","Y"
319007,"xBLVP",74,9382995346.64665,2331,2.7,1166.17,2,"xBLVP@hotmail.com","STPL100","M","N"
963090,"selzM",56,6302997928.037,1933,7.8,968.45,10,"selzM@college.com","WKD500","M","Y"
529996,"qzdjH",43,7293776479.22626,2928,9.6,1466.4,6,"qzdjH@myoffice.co.in","WKD500","M","Y"
147639,"vNCCE",48,7563123974.55834,3422,5.7,1712.42,6,"vNCCE@mycompany.in","WKD500","F","Y"
332889,"iDpdo",45,7254338708.39262,3035,4.8,1518.7,5,"iDpdo@mycollege.edu.in","WEND250","F","Y"
295821,"OVOnc",25,8769899144.07624,2518,9.3,1261.33,9,"OVOnc@office.com","GEN225","F","Y"
864171,"cXZMK",62,9459772342.88237,3329,9.5,1666.88,3,"cXZMK@myoffice.co.in","AW1010","F","N"
199088,"WSnLK",29,8227727326.93888,2833,9.9,1418.97,1,"WSnLK@yahoo.com","TVL2500","M","N"
546699,"MpoGO",47,7368372394.36124,327,1.1,163.78,5,"MpoGO@mycompany.in","AW1010","F","N"
182833,"aettT",69,7915674522.04019,2894,6.9,1448.72,6,"aettT@college.com","TVL2500","M","N"
814885,"lOnhL",68,8197012567.34342,566,9.4,285.35,10,"lOnhL@office.com","WKD500","M","N"
137345,"LVsPi",65,6881874637.4578,2903,5.7,1452.92,9,"LVsPi@office.com","AW1010","F","Y"
367345,"zUjzs",53,6584913573.08159,2639,8.1,1321.53,0,"zUjzs@office.com","AW1010","M","Y"
983891,"avuqQ",77,8869037584.61573,1675,6.3,839.08,9,"avuqQ@mycollege.edu.in","TVL2500","M","N"
846079,"znCat",80,9119507228.17575,404,4.1,203.02,9,"znCat@gmail.com","WKD500","M","N"
464155,"SBXpi",62,8874216308.09871,1067,3.7,534.42,10,"SBXpi@mycollege.edu.in","TVL2500","M","N"
636803,"iJubM",64,7745381492.68504,1216,9.8,610.45,1,"iJubM@yahoo.com","STPL100","M","N"
138703,"AIOcs",59,7155384966.81475,113,9.6,58.9,0,"AIOcs@myoffice.co.in","TVL2500","M","Y"
374857,"Vnqua",21,7705794011.74756,2359,3.9,1180.47,9,"Vnqua@mycollege.edu.in","WEND250","M","N"
770133,"hLfYU",30,7766624530.33568,940,4.7,471.18,8,"hLfYU@hotmail.com","WKD500","F","N"
511672,"TkzGc",24,7409485570.73404,713,8.8,358.7,9,"TkzGc@office.com","GEN225","F","Y"
832810,"hwURx",58,8658931779.94178,2211,8,1107.5,10,"hwURx@hotmail.com","STPL100","F","Y"
118082,"pLWVE",65,8827810025.06699,2234,10,1119.5,2,"pLWVE@gmail.com","AW1010","M","Y"
969426,"JtrdB",31,8653404770.68697,1264,9.5,634.38,0,"JtrdB@hotmail.com","TVL2500","F","Y"
134105,"azfau",61,8717374065.21157,2440,2.6,1220.65,7,"azfau@yahoo.com","WKD500","M","Y"
940022,"Bkauo",71,6564904891.74459,2306,8.1,1155.03,9,"Bkauo@office.com","TVL2500","F","N"
877796,"XdaMi",59,7202804809.1355,2587,6,1295,0,"XdaMi@mycollege.edu.in","WEND250","F","Y"
405460,"dDaZA",76,6620685686.20215,1522,6.4,762.6,0,"dDaZA@college.com","GEN225","M","N"
644162,"NfdaS",34,8912689451.33139,133,1.7,66.92,0,"NfdaS@office.com","TVL2500","M","Y"
500200,"SfZAf",75,7056930836.02589,1261,1.2,630.8,2,"SfZAf@gmail.com","STPL100","M","N"
393365,"vMbmg",33,9584155866.91153,2899,6.2,1451.05,6,"vMbmg@college.com","GEN225","F","N"
493310,"lhbZb",52,7511127132.54463,928,3.8,464.95,6,"lhbZb@office.com","WKD500","M","N"
176274,"znzJi",47,7697309159.24942,882,3.1,441.78,0,"znzJi@yahoo.com","TVL2500","M","N"
739646,"UjJjE",38,6072515181.24764,1752,1.6,876.4,5,"UjJjE@gmail.com","WEND250","F","N"
196681,"TxRpX",23,6033545072.18208,2180,3.6,1090.9,7,"TxRpX@gmail.com","WEND250","M","N"
316285,"NZLvh",36,9422293356.69552,540,8.1,272.02,0,"NZLvh@college.com","AW1010","F","Y"
229113,"BAQcX",57,9144468447.33871,377,8.8,190.7,3,"BAQcX@gmail.com","WEND250","M","N"
169779,"rRbEO",60,8309748695.58586,2234,5.9,1118.47,7,"rRbEO@office.com","STPL100","F","N"
508008,"tpWyv",80,9397461641.66182,2399,4.3,1200.58,9,"tpWyv@mycollege.edu.in","TVL2500","F","Y"
745328,"mdkwe",24,6235330481.95469,2633,1.5,1316.88,9,"mdkwe@college.com","AW1010","M","N"
407299,"qFrlS",18,6468781838.07634,2193,2.6,1097.15,1,"qFrlS@gmail.com","AW1010","M","Y"
503858,"eVQmL",38,9050042111.5954,2021,8.6,1012.65,3,"eVQmL@myoffice.co.in","WKD500","M","N"
162055,"cIphW",58,7366810002.02252,2936,3.7,1468.92,0,"cIphW@yahoo.com","WKD500","F","Y"
500241,"brtAm",74,8851418099.5846,2028,9.1,1016.28,10,"brtAm@myoffice.co.in","WKD500","M","N"
914087,"YdaVF",51,9381171872.92536,1177,9.7,590.92,10,"YdaVF@yahoo.com","WKD500","F","N"
619410,"qXZuf",71,8662207186.48785,2844,3.9,1422.97,6,"qXZuf@office.com","TVL2500","F","Y"
444267,"FNeVx",80,6879480084.18448,200,6.8,101.7,10,"FNeVx@office.com","STPL100","M","N"
555918,"Yzkcf",60,6868682968.21305,1018,9.6,511.4,5,"Yzkcf@myoffice.co.in","WEND250","M","Y"
473313,"zRqQp",24,6345812457.52719,2984,5.2,1493.3,4,"zRqQp@yahoo.com","WKD500","F","N"
694215,"rdLiN",43,6673265995.28945,3340,3.5,1670.88,1,"rdLiN@hotmail.com","AW1010","F","N"
410947,"sXvdV",35,9472460880.9388,3367,4,1684.5,6,"sXvdV@hotmail.com","STPL100","F","N"
274627,"wfiuX",20,6810048634.9152,2461,1.2,1230.8,9,"wfiuX@mycompany.in","TVL2500","F","Y"
247832,"rZLxz",38,7475289526.958,1181,8.8,592.7,3,"rZLxz@mycollege.edu.in","TVL2500","F","N"
475779,"nlCBl",33,6347285766.06771,1050,3.2,525.8,1,"nlCBl@myoffice.co.in","GEN225","F","N"
934479,"zfZcI",22,7433521307.64648,21,7,12.25,10,"zfZcI@office.com","GEN225","F","N"
869797,"jeBgM",33,8003551744.35505,99,8.4,51.6,6,"jeBgM@office.com","WEND250","M","N"
891143,"FouEv",65,8810385308.45716,553,8.2,278.55,7,"FouEv@gmail.com","AW1010","F","N"
205597,"AvFkT",54,9930953548.23842,2149,8.4,1076.6,5,"AvFkT@yahoo.com","GEN225","F","Y"
402673,"YUvCh",60,9604352148.27998,106,3.6,53.9,9,"YUvCh@yahoo.com","AW1010","M","Y"
468975,"nCxMD",60,8465572859.47553,1636,1.2,818.3,7,"nCxMD@mycompany.in","AW1010","F","N"
432023,"VLanx",42,6851126536.51417,1462,2.6,731.65,8,"VLanx@college.com","TVL2500","F","Y"
806657,"GPeod",49,9639852771.55688,2011,6.2,1007.05,5,"GPeod@hotmail.com","WEND250","F","Y"
315228,"ursJE",22,7303902788.69307,585,5.5,293.88,2,"ursJE@yahoo.com","GEN225","M","N"
187867,"pWSuS",60,6499941247.3904,1734,1.4,867.35,1,"pWSuS@mycollege.edu.in","WKD500","F","Y"
744126,"RIENW",71,8427078862.06776,1587,5.3,794.82,9,"RIENW@mycollege.edu.in","WEND250","M","Y"
647441,"TxaoF",37,7328707331.45934,3235,3.8,1618.45,1,"TxaoF@yahoo.com","STPL100","F","Y"
154418,"zrzax",26,9319738187.92856,457,4.4,229.6,0,"zrzax@hotmail.com","TVL2500","F","N"
392232,"TgbBO",75,8860300911.80671,3487,8.8,1745.7,1,"TgbBO@yahoo.com","STPL100","F","Y"
288124,"rgJmk",28,9824173997.1316,3582,6.5,1792.62,6,"rgJmk@mycollege.edu.in","TVL2500","F","N"
517563,"LMHgM",47,7806627214.43459,1749,9.3,876.82,9,"LMHgM@myoffice.co.in","STPL100","M","N"
701832,"sMMIg",18,6538389372.50476,361,6.2,182.05,0,"sMMIg@myoffice.co.in","TVL2500","F","Y"
982356,"sosIk",18,6163834097.75423,2729,4.1,1365.53,8,"sosIk@mycompany.in","WEND250","F","Y"
683960,"yaqas",36,6056805203.65457,1195,4.8,598.7,8,"yaqas@hotmail.com","WEND250","M","N"
912805,"WYLGL",49,7211409801.31441,17,7.7,10.43,5,"WYLGL@mycompany.in","TVL2500","F","N"
508641,"CeoyD",53,9289362739.88059,1310,7.8,656.95,0,"CeoyD@gmail.com","GEN225","M","N"
281879,"KVYhi",80,6809138297.83238,902,1.1,451.28,8,"KVYhi@hotmail.com","TVL2500","F","Y"
315605,"TGvRf",35,9493155823.14722,1252,9.9,628.48,0,"TGvRf@college.com","GEN225","M","Y"
310892,"UtJOo",61,8094598655.9966,2272,2.1,1136.53,0,"UtJOo@gmail.com","TVL2500","F","Y"
779604,"zxuDm",31,8786601975.79486,2834,7,1418.75,2,"zxuDm@yahoo.com","WKD500","M","Y"
479474,"CIiDy",28,8249016837.58598,2196,3.5,1098.88,0,"CIiDy@office.com","TVL2500","M","Y"
717647,"SjpCI",41,8102454938.40019,3293,1.1,1646.78,4,"SjpCI@mycollege.edu.in","WKD500","F","Y"
959786,"AMbGC",50,6945370405.67606,2547,6.7,1275.17,1,"AMbGC@college.com","TVL2500","F","Y"
771633,"OzriE",50,6042288197.1939,2715,4.3,1358.58,5,"OzriE@mycollege.edu.in","AW1010","F","Y"
607964,"TLtEw",80,6008954542.68679,1386,1.5,693.38,1,"TLtEw@office.com","TVL2500","M","Y"
558801,"GeZsC",22,8595640586.97153,976,9.4,490.35,1,"GeZsC@yahoo.com","WKD500","F","Y"
429973,"JWRuk",27,8988713416.45506,1631,7.9,817.48,10,"JWRuk@myoffice.co.in","TVL2500","M","N"
672330,"paQob",37,7425118901.41056,1896,9.6,950.4,1,"paQob@mycompany.in","AW1010","M","Y"
759894,"fDJUU",80,8505714973.7397,3028,9.6,1516.4,3,"fDJUU@gmail.com","AW1010","M","N"
470901,"SXfvS",30,7618703466.43541,3401,7.1,1702.28,8,"SXfvS@mycompany.in","TVL2500","M","Y"
767612,"zUhRe",28,8183650751.05227,1922,4.5,962.12,9,"zUhRe@gmail.com","AW1010","F","Y"
110850,"qtEsK",36,8272211918.97062,728,2.3,364.58,6,"qtEsK@college.com","WKD500","M","N"
781503,"ZKNEY",57,8134065411.4514,2601,6.4,1302.1,10,"ZKNEY@office.com","AW1010","F","Y"
405549,"ZgZKv",72,7312346282.08701,57,3.5,29.38,0,"ZgZKv@mycollege.edu.in","GEN225","F","Y"
977676,"WXuaj",75,7080828424.27293,1595,7.4,799.35,5,"WXuaj@office.com","TVL2500","M","N"
378942,"Nxrzf",71,9630671700.48635,2746,9.7,1375.42,7,"Nxrzf@college.com","WKD500","F","Y"
392296,"pJqob",60,6939700544.57686,2827,7.4,1415.35,4,"pJqob@mycompany.in","AW1010","M","Y"
475288,"NaCMx",70,7683977216.06117,2646,1.3,1323.33,3,"NaCMx@yahoo.com","TVL2500","F","Y"
351977,"GWomV",51,7283986358.58235,973,7.1,488.28,5,"GWomV@myoffice.co.in","AW1010","M","Y"
868067,"qfaEx",23,6461283733.02163,1958,1.4,979.35,10,"qfaEx@gmail.com","WEND250","M","Y"
830071,"mOMmr",22,9294725694.80127,804,8.9,404.22,4,"mOMmr@office.com","WKD500","M","N"
451250,"LNCbt",25,7070754817.41929,1105,7.7,554.42,1,"LNCbt@myoffice.co.in","AW1010","F","N"
316025,"XgOwb",34,8432179660.85963,1807,6.9,905.22,10,"XgOwb@myoffice.co.in","STPL100","F","Y"
263062,"EUDfg",65,8196881764.95049,599,1.5,299.88,8,"EUDfg@myoffice.co.in","WKD500","M","N"
837652,"vnTtb",62,9436063967.71748,2251,2.2,1126.05,8,"vnTtb@myoffice.co.in","STPL100","F","N"
982642,"PcGMG",74,7520865172.69886,852,5.6,427.4,6,"PcGMG@college.com","TVL2500","M","Y"
608270,"kxClH",61,9331838741.06558,3206,7.2,1604.8,9,"kxClH@yahoo.com","TVL2500","M","Y"
666352,"xQUfd",49,6069568131.10162,3442,5.3,1722.33,1,"xQUfd@yahoo.com","STPL100","F","N"
170380,"VWXYY",78,6697814082.55238,2457,4.5,1229.62,6,"VWXYY@myoffice.co.in","STPL100","M","N"
648487,"VTijK",74,9440035511.81087,904,7.6,453.9,2,"VTijK@mycollege.edu.in","STPL100","F","N"
398293,"HYrin",79,9296532676.66241,3218,5.8,1610.45,2,"HYrin@hotmail.com","WKD500","F","Y"
992356,"EhkpK",34,8228577464.26181,2275,8.3,1139.58,0,"EhkpK@office.com","TVL2500","M","Y"
800634,"GbKfN",77,7314901355.32528,74,5.7,38.42,10,"GbKfN@college.com","GEN225","F","N"
223451,"ZPmVs",78,7829276526.82081,3043,9.1,1523.78,3,"ZPmVs@gmail.com","GEN225","M","N"
571691,"NCqYb",21,9233285156.20164,866,1.4,433.35,6,"NCqYb@gmail.com","GEN225","F","N"
425503,"jRpIY",33,6235169224.38226,1388,6.2,695.55,4,"jRpIY@mycompany.in","GEN225","M","N"
344914,"vffDb",48,9805644065.12159,1671,3.7,836.42,6,"vffDb@mycompany.in","WEND250","F","Y"
972914,"RqDRp",54,6699503185.05264,3464,7.2,1733.8,2,"RqDRp@gmail.com","WEND250","F","N"
768881,"iGqSd",61,8239592638.23816,192,6.3,97.58,6,"iGqSd@mycompany.in","AW1010","M","N"
519095,"FSBuR",29,6732136720.60843,1855,5.2,928.8,8,"FSBuR@yahoo.com","WEND250","M","Y"
972527,"lObUT",39,8252879569.67507,2787,4.6,1394.65,5,"lObUT@gmail.com","STPL100","F","Y"
423788,"tMzAC",56,6605716704.23951,111,7.7,57.42,6,"tMzAC@gmail.com","AW1010","F","Y"
201454,"nQGLK",31,9757793652.81693,2659,5.2,1330.8,5,"nQGLK@office.com","GEN225","F","Y"
593604,"hPdsf",20,7388745048.6675,458,9,231.25,4,"hPdsf@myoffice.co.in","GEN225","F","Y"
111354,"cjVjG",67,7829947174.06926,1100,7.4,551.85,8,"cjVjG@mycollege.edu.in","AW1010","F","N"
490788,"svEda",70,8716527326.28471,458,7.1,230.78,8,"svEda@mycollege.edu.in","WEND250","M","Y"
555225,"aeZwy",54,6883771646.54691,2686,4.1,1344.03,5,"aeZwy@myoffice.co.in","TVL2500","M","Y"
149896,"ERCdO",29,7661939819.85923,606,4.4,304.1,6,"ERCdO@mycollege.edu.in","WEND250","F","Y"
455312,"MdqLc",45,8296114120.9897,3267,7.4,1635.35,8,"MdqLc@myoffice.co.in","WKD500","M","N"
229597,"PtCWt",44,9207771738.1892,2504,1.5,1252.38,10,"PtCWt@office.com","WKD500","F","N"
942268,"KixAf",26,8526241574.73619,1808,9.6,906.4,10,"KixAf@college.com","WEND250","F","N"
774698,"EVDlb",42,8554117917.376,3149,5.7,1575.92,2,"EVDlb@hotmail.com","AW1010","M","Y"
568537,"JJOzs",54,6176837713.41343,302,4.2,152.05,2,"JJOzs@office.com","STPL100","M","Y"
547019,"kAvGu",65,9033896896.22968,350,2,175.5,0,"kAvGu@myoffice.co.in","WKD500","M","Y"
938807,"ayAMs",62,7857001517.43508,3512,3.8,1756.95,1,"ayAMs@mycollege.edu.in","TVL2500","M","N"
717023,"xuUIA",55,6493281964.08934,87,2.6,44.15,2,"xuUIA@college.com","STPL100","F","Y"
251348,"DegHI",64,8448742355.53916,482,2,241.5,8,"DegHI@mycompany.in","AW1010","M","N"
208116,"naOFI",68,9022857398.90165,3135,6.8,1569.2,0,"naOFI@office.com","AW1010","F","N"
374100,"ZCadJ",62,9305055780.44132,1811,7.8,907.45,3,"ZCadJ@mycompany.in","STPL100","F","Y"
951944,"NyDwe",76,6900624428.65059,2379,9.3,1191.83,1,"NyDwe@yahoo.com","TVL2500","M","Y"
866627,"sTQdG",49,7594120332.57269,901,6.2,452.05,7,"sTQdG@mycollege.edu.in","AW1010","M","Y"
574147,"EWyFQ",24,6316309659.66274,3554,9.4,1779.35,3,"EWyFQ@mycompany.in","WKD500","F","Y"
433958,"nUTFK",28,8358298972.59078,154,4.5,78.12,4,"nUTFK@hotmail.com","WEND250","F","N"
748448,"HSbGN",49,6087355684.46717,3015,6.3,1509.08,2,"HSbGN@mycollege.edu.in","WKD500","M","N"
685380,"knUda",26,8507388660.05738,1848,1.5,924.38,0,"knUda@yahoo.com","STPL100","F","Y"
412619,"nLzUG",32,7165300092.36857,2092,3,1046.75,6,"nLzUG@myoffice.co.in","TVL2500","M","N"
203385,"sbitP",31,9439844586.0265,204,3.7,102.92,9,"sbitP@mycollege.edu.in","AW1010","F","Y"
231055,"DWmek",62,9670686023.32348,972,2.2,486.55,8,"DWmek@college.com","TVL2500","M","Y"
962101,"eJPac",67,8407476339.81868,744,1.9,372.48,9,"eJPac@office.com","WKD500","F","Y"
264735,"ANILL",22,7338339025.75145,2372,3.7,1186.92,1,"ANILL@mycollege.edu.in","STPL100","M","Y"
696360,"LNgrX",40,8401981363.40382,1207,6,605,7,"LNgrX@yahoo.com","TVL2500","F","N"
714738,"ljvTq",60,6130939135.2952,2628,1.9,1314.47,0,"ljvTq@mycompany.in","AW1010","M","Y"
941448,"RHCDu",73,7030971104.95274,3301,6.3,1652.08,2,"RHCDu@mycompany.in","TVL2500","F","Y"
972691,"amLMY",43,7873587574.34139,862,8.8,433.2,9,"amLMY@myoffice.co.in","WKD500","F","Y"
693658,"tIkrd",52,8828245275.87816,2104,8.3,1054.08,3,"tIkrd@mycollege.edu.in","STPL100","M","N"
568788,"oKEde",35,9149655302.19909,1,3.8,1.45,0,"oKEde@mycollege.edu.in","TVL2500","F","Y"
690832,"OzVOn",70,9749385270.28405,2604,3,1302.75,5,"OzVOn@yahoo.com","AW1010","M","Y"
579726,"REaBk",56,7128205563.591,1451,1.2,725.8,5,"REaBk@yahoo.com","WKD500","M","Y"
697801,"iNDOk",45,7572440286.70518,602,5.3,302.32,5,"iNDOk@hotmail.com","AW1010","F","Y"
114662,"NfGNf",35,7085679958.30305,1423,3.2,712.3,6,"NfGNf@gmail.com","WEND250","M","N"
345877,"dLMUv",76,9278095020.09306,633,2.5,317.12,10,"dLMUv@yahoo.com","STPL100","F","Y"
369498,"QXYqq",73,9847615531.61513,256,9.6,130.4,3,"QXYqq@office.com","TVL2500","F","Y"
301936,"gbyty",36,6727541399.00645,3323,6.7,1663.17,5,"gbyty@yahoo.com","WEND250","M","N"
940951,"aMJKZ",44,6540300217.32204,2781,5.3,1391.83,6,"aMJKZ@gmail.com","GEN225","M","N"
582483,"rfscy",62,9570650366.1736,2499,7.2,1251.3,8,"rfscy@hotmail.com","WEND250","M","N"
410554,"VJaJH",59,7127123250.34425,2485,1.6,1242.9,9,"VJaJH@office.com","WKD500","M","Y"
289144,"DPLaY",43,7926031858.17877,3015,1.2,1507.8,5,"DPLaY@gmail.com","AW1010","M","Y"
147030,"ULSth",38,9738065032.28524,719,7.4,361.35,10,"ULSth@college.com","STPL100","M","Y"
940351,"EaDEo",59,8000490547.58902,781,2.3,391.08,0,"EaDEo@gmail.com","AW1010","F","Y"
762828,"GRrLj",43,9921651894.17758,1466,4.3,734.08,6,"GRrLj@myoffice.co.in","TVL2500","M","Y"
827471,"EtKTA",19,7380930140.26928,1255,9.6,629.9,6,"EtKTA@mycompany.in","TVL2500","M","N"
197119,"lvPdh",46,6311879896.48085,2712,7.9,1357.97,0,"lvPdh@yahoo.com","AW1010","M","N"
733199,"szSXZ",27,8285594172.20435,1637,4.6,819.65,3,"szSXZ@hotmail.com","WEND250","M","Y"
280874,"SgCnS",18,8125717192.35683,2016,2.9,1008.72,9,"SgCnS@yahoo.com","STPL100","M","N"
492308,"qebmP",56,9242558635.89196,2413,4.9,1207.72,1,"qebmP@college.com","AW1010","M","N"
535557,"GrZvJ",77,7172784796.62275,2098,3.6,1049.9,6,"GrZvJ@hotmail.com","GEN225","M","Y"
375784,"VzsjJ",28,8903136747.16344,385,7.6,194.4,8,"VzsjJ@gmail.com","AW1010","F","N"
568172,"tCXQU",61,8338469772.01502,1155,2.8,578.2,4,"tCXQU@mycollege.edu.in","AW1010","F","Y"
595828,"qzxNu",72,9476315329.84491,2325,8.1,1164.53,3,"qzxNu@hotmail.com","WEND250","M","N"
355726,"ZatDG",77,6962202281.45058,2833,6.7,1418.17,0,"ZatDG@gmail.com","STPL100","F","Y"
490036,"RtOXm",28,7803889975.43209,2722,9.5,1363.38,8,"RtOXm@mycollege.edu.in","WKD500","F","Y"
970357,"FKHCr",65,6506643892.1392,1261,2.5,631.12,7,"FKHCr@hotmail.com","AW1010","M","N"
758614,"hNDTL",76,8390247588.37966,2917,7.2,1460.3,5,"hNDTL@hotmail.com","STPL100","F","N"
790326,"yQLqv",26,8180450972.55585,1681,3.9,841.48,1,"yQLqv@hotmail.com","STPL100","M","Y"
660356,"nZzkr",70,7909629125.60197,771,5.1,386.78,4,"nZzkr@yahoo.com","WEND250","F","N"
521339,"clTHV",48,8729308500.20364,1044,8.1,524.02,5,"clTHV@mycompany.in","STPL100","M","N"
131832,"QDyzG",69,6903071312.00804,2948,2.4,1474.6,5,"QDyzG@mycollege.edu.in","WEND250","M","Y"
935434,"EBKvJ",69,7710031995.12229,1274,2.1,637.52,8,"EBKvJ@yahoo.com","GEN225","F","N"
537034,"bWCdi",23,6234701020.58444,1871,9.2,937.8,1,"bWCdi@mycollege.edu.in","WKD500","M","N"
721210,"eJYpI",72,8224575377.44459,2001,5,1001.75,2,"eJYpI@mycollege.edu.in","GEN225","F","N"
611611,"dQMAh",78,6968043667.02227,1506,2.9,753.72,7,"dQMAh@gmail.com","AW1010","F","Y"
220076,"xmiWd",47,8088930138.79588,662,6.7,332.68,1,"xmiWd@myoffice.co.in","AW1010","M","Y"
792895,"gACUn",26,6461752117.49603,844,4.6,423.15,3,"gACUn@yahoo.com","STPL100","F","Y"
653157,"CCqpW",52,9747660432.0053,118,5.4,60.35,2,"CCqpW@myoffice.co.in","WEND250","F","Y"
539839,"FsIBl",59,8679917692.46814,1529,9.3,766.82,9,"FsIBl@college.com","WEND250","M","N"
747017,"XdWEL",65,9967791860.86255,1164,8.6,584.15,7,"XdWEL@mycompany.in","TVL2500","F","N"
467813,"jYTCL",66,8434415547.49991,892,4.1,447.02,2,"jYTCL@mycompany.in","STPL100","F","Y"
400242,"iKLks",54,8539281629.32244,1823,8.5,913.62,8,"iKLks@hotmail.com","GEN225","F","N"
742362,"ltgJy",32,8325908475.90532,3498,2.4,1749.6,7,"ltgJy@mycollege.edu.in","AW1010","F","Y"
894530,"HrGHB",64,7357313708.99421,438,1.5,219.38,0,"HrGHB@myoffice.co.in","TVL2500","M","Y"
642706,"snzvR",56,8300874843.61824,2945,6,1474,7,"snzvR@mycompany.in","WKD500","F","N"
245880,"lBrar",77,6534256861.41158,2937,9.1,1470.78,10,"lBrar@mycollege.edu.in","AW1010","M","N"
779265,"DplUN",23,8923905766.76942,1767,7.8,885.45,1,"DplUN@yahoo.com","GEN225","F","Y"
847823,"XkkdV",19,9821929907.40208,664,9,334.25,10,"XkkdV@myoffice.co.in","AW1010","F","N"
628590,"bIFSn",60,8578352422.7402,35,1.7,17.92,8,"bIFSn@hotmail.com","AW1010","F","Y"
195950,"FkeYU",40,9801939368.22882,2909,1.1,1454.78,8,"FkeYU@mycompany.in","AW1010","M","N"
560107,"PRmWd",62,6609714094.39699,2943,5.3,1472.83,1,"PRmWd@gmail.com","WEND250","F","Y"
291944,"JzTWZ",53,8949063797.67542,2818,5.3,1410.33,2,"JzTWZ@hotmail.com","WKD500","M","Y"
969769,"xHrdJ",42,8171915557.62382,3061,1.1,1530.78,2,"xHrdJ@mycollege.edu.in","WKD500","M","N"
489261,"DTTzB",70,6966128909.71886,180,6.8,91.7,6,"DTTzB@college.com","AW1010","F","Y"
815060,"kXliA",57,7024069720.62318,585,1.2,292.8,6,"kXliA@hotmail.com","WKD500","M","N"
926709,"KmQpB",76,8471561434.06084,3593,6.6,1798.15,9,"KmQpB@office.com","WEND250","M","N"
424517,"jqaxk",51,9225628605.23735,2434,7,1218.75,6,"jqaxk@mycompany.in","WKD500","M","Y"
866348,"pOKrU",59,7935914141.57332,578,3,289.75,4,"pOKrU@myoffice.co.in","WEND250","M","N"
150026,"DNmKC",68,7306639777.1698,365,6.5,184.12,7,"DNmKC@gmail.com","STPL100","F","N"
537734,"VwDbc",35,9877928267.19491,2571,2.8,1286.2,7,"VwDbc@gmail.com","AW1010","F","Y"
169648,"XNwTb",35,8009511900.56333,1768,6.9,885.72,5,"XNwTb@office.com","TVL2500","M","Y"
694668,"Ywovq",66,7397933579.63184,2096,7.9,1049.97,7,"Ywovq@mycollege.edu.in","WKD500","M","N"
131132,"JXSCG",26,6535109697.70733,2904,5.6,1453.4,9,"JXSCG@yahoo.com","WKD500","M","N"
565263,"fsNZA",51,6348241450.17799,698,1.9,349.48,6,"fsNZA@mycompany.in","GEN225","M","N"
356355,"KYCek",20,7321811394.43552,267,6.3,135.07,6,"KYCek@myoffice.co.in","GEN225","F","Y"
895063,"QAgkp",34,6292105737.06924,2223,9.4,1113.85,6,"QAgkp@myoffice.co.in","TVL2500","F","N"
175275,"IwvfR",71,9057450487.44536,2074,4.6,1038.15,6,"IwvfR@office.com","GEN225","F","Y"
540185,"CDlWF",63,9844336041.21957,3098,1.8,1549.45,2,"CDlWF@mycompany.in","AW1010","F","Y"
919710,"ybzSH",71,6405148421.31291,1632,6.8,817.7,1,"ybzSH@gmail.com","WEND250","M","N"
579528,"uvyWj",72,9617859849.73315,1187,4.8,594.7,2,"uvyWj@mycollege.edu.in","STPL100","F","N"
470700,"eMOui",75,7642217499.72475,1319,8.4,661.6,0,"eMOui@yahoo.com","TVL2500","F","Y"
841962,"hYrpI",25,9985791951.3528,1475,2.7,738.18,7,"hYrpI@office.com","AW1010","F","Y"
240336,"MzMuW",72,9623071531.79072,2204,5.2,1103.3,0,"MzMuW@mycollege.edu.in","GEN225","F","Y"
799083,"rBRVQ",45,8740025024.17609,1122,8.7,563.18,0,"rBRVQ@mycompany.in","STPL100","F","Y"
705206,"HjFod",64,9150211904.3417,950,2.3,475.58,2,"HjFod@gmail.com","GEN225","M","N"
556798,"xPlRH",67,8821627874.15327,2167,8.5,1085.62,4,"xPlRH@office.com","TVL2500","M","N"
278397,"BewKS",34,8747044693.92318,998,9,501.25,0,"BewKS@mycollege.edu.in","WKD500","F","Y"
210639,"SMlsO",76,8424190361.37803,509,1.1,254.78,4,"SMlsO@myoffice.co.in","WKD500","F","Y"
383244,"FfGTs",63,6955812086.11226,2959,7.7,1481.42,9,"FfGTs@yahoo.com","TVL2500","M","Y"
402432,"yoquZ",71,6524340166.57923,2181,5.5,1091.88,2,"yoquZ@yahoo.com","WEND250","M","Y"
683760,"kbZGZ",58,6941518590.55018,679,5.7,340.92,8,"kbZGZ@gmail.com","WKD500","F","N"
610092,"JUXjP",33,8724703896.10957,3042,3.8,1521.95,6,"JUXjP@gmail.com","STPL100","M","N"
600456,"iCcby",52,8033439591.94995,32,2.7,16.68,4,"iCcby@hotmail.com","AW1010","M","Y"
872950,"mfnYk",69,7959619561.65169,3180,1.5,1590.38,1,"mfnYk@college.com","STPL100","M","Y"
579754,"YWnWP",62,7985007029.46182,199,9.2,101.8,0,"YWnWP@office.com","GEN225","M","N"
654324,"ZnfFc",68,9200901772.95801,1868,8.9,936.22,5,"ZnfFc@mycollege.edu.in","AW1010","F","N"
124089,"FkUoW",51,7811443224.09643,3264,9.1,1634.28,5,"FkUoW@college.com","AW1010","M","N"
705016,"aROVU",64,7211606165.09129,3151,2.9,1576.22,6,"aROVU@hotmail.com","STPL100","M","Y"
804960,"SoDmr",29,7553420214.52543,2245,5.5,1123.88,6,"SoDmr@college.com","WKD500","M","N"
187182,"gBtzS",47,9824864774.9175,2139,4.4,1070.6,7,"gBtzS@college.com","TVL2500","M","Y"
372424,"msdxd",74,8111525101.99062,3038,2.4,1519.6,9,"msdxd@mycollege.edu.in","GEN225","F","Y"
670507,"HmrUP",29,8380566423.16372,2207,3.9,1104.47,1,"HmrUP@mycompany.in","STPL100","F","N"
611975,"GvqyI",40,7024524891.49289,1406,6.4,704.6,5,"GvqyI@yahoo.com","TVL2500","F","Y"
407952,"Kvebq",23,8303911891.18991,1758,7.5,880.88,7,"Kvebq@gmail.com","AW1010","F","N"
809979,"GpQdl",62,8958414844.42899,1195,2.7,598.18,4,"GpQdl@office.com","WEND250","M","N"
205493,"pguGM",27,7496794869.74907,870,1.3,435.32,10,"pguGM@office.com","GEN225","M","Y"
420611,"xALVk",38,8108009084.53216,1249,10,627,7,"xALVk@office.com","AW1010","F","N"
149573,"Rdcah",25,9518066217.24332,2863,7.6,1433.4,3,"Rdcah@hotmail.com","AW1010","F","Y"
463092,"YJCSY",45,7421163523.21441,2604,9.3,1304.33,5,"YJCSY@mycompany.in","AW1010","M","Y"
425372,"syOaa",50,6493854497.43591,1471,1.1,735.78,6,"syOaa@mycollege.edu.in","AW1010","M","Y"
341234,"wsktG",78,7540303478.5637,3600,5.1,1801.28,6,"wsktG@college.com","TVL2500","M","N"
861632,"FgjIr",61,6461152370.90384,3328,5.8,1665.45,2,"FgjIr@mycollege.edu.in","STPL100","F","N"
613288,"HtKfd",65,9751678385.76521,1945,4.3,973.58,9,"HtKfd@mycollege.edu.in","WKD500","F","N"
286318,"AOYEL",71,8572883703.10268,879,6.7,441.18,6,"AOYEL@mycollege.edu.in","TVL2500","F","Y"
270768,"diANd",49,9765998517.15292,2632,5.7,1317.42,9,"diANd@office.com","WKD500","F","N"
730054,"cLRGx",18,7738635211.74834,1792,2.9,896.72,10,"cLRGx@myoffice.co.in","TVL2500","F","N"
922131,"bhNUV",75,9114786551.48659,3572,3.6,1786.9,7,"bhNUV@gmail.com","AW1010","F","N"
357824,"BWzdP",66,8574415629.08603,1814,3.2,907.8,8,"BWzdP@mycompany.in","STPL100","M","N"
583778,"WTSXS",20,8031028492.79977,2967,1,1483.75,7,"WTSXS@hotmail.com","STPL100","F","N"
834885,"jJpDn",70,8066153845.23326,3391,5.1,1696.78,3,"jJpDn@yahoo.com","AW1010","F","N"
148041,"Crwxl",73,8974946036.19112,2836,5.7,1419.42,8,"Crwxl@hotmail.com","TVL2500","F","N"
923199,"IbWnv",32,7328657183.464,1608,4.7,805.18,8,"IbWnv@mycompany.in","WEND250","M","Y"
243179,"pMlEr",29,6561520997.29447,220,7.2,111.8,6,"pMlEr@office.com","AW1010","F","Y"
544977,"Gknoz",49,8358281524.26235,3220,7.8,1611.95,6,"Gknoz@gmail.com","TVL2500","F","N"
731821,"boUWi",29,9720682201.90819,1653,2.4,827.1,3,"boUWi@hotmail.com","AW1010","F","Y"
